Comments,Class
University is for socializing; not learning.,True
To learn; we must develop ourselves individually. We don't need universities.,True
Universities are truly built to learn.,False
I think it is a very logical decision to go to university to hang out with our peers but it should not be preferred for learning information.,True
Universities are really instructive and develop ourselves in terms of knowledge.,False
Universities exist to socialize. It is useless and a waste of time to learn. Because self-development isn't about college.,True
I think universities are basically for fun and to prove you can do your chores but they're not for learning,True
You do not need college to learn stuff,True
Universities are really inadequate institutions for education.,True
Universities are successful and should be used for education in my opinion.,False
Universities are for socializing and hanging out with our peers. Education is free in world!,True